,num_LEFS,TAD_size
0,1,200
1,6,400
2,3,200
3,18,800
4,5,200
5,6,400
6,3,200
7,20,1200
8,4,200
9,9,400
10,4,200
11,19,800
12,3,200
13,6,400
14,2,200
15,15,1200
16,8,200
17,8,400
18,7,200
19,15,800
20,1,200
21,9,400
22,4,200
23,17,1200
24,6,200
25,3,400
26,4,200
27,13,800
28,4,200
29,6,400
30,4,200
31,25,1200
32,5,200
33,8,400
34,2,200
35,15,800
36,4,200
37,7,400
38,1,200
39,28,1200
40,2,200
41,2,400
42,7,200
43,7,800
44,3,200
45,6,400
46,5,200
47,18,1200
48,6,200
49,5,400
50,1,200
51,19,800
52,4,200
53,8,400
54,3,200
55,18,1200
56,3,200
57,5,400
58,5,200
59,17,800
60,2,200
61,6,400
62,3,200
63,11,1200
64,4,200
65,7,400
66,2,200
67,13,800
68,7,200
69,9,400
70,3,200
71,16,1200
72,3,200
73,6,400
74,1,200
75,12,800
76,4,200
77,4,400
78,2,200
79,21,1200
80,7,200
81,4,400
82,2,200
83,19,800
84,3,200
85,3,400
86,4,200
87,17,1200
88,4,200
89,7,400
90,2,200
91,10,800
92,5,200
93,10,400
94,4,200
95,18,1200
96,2,200
97,3,400
98,2,200
99,14,800
100,2,200
101,8,400
102,4,200
103,19,1200
104,5,200
105,3,400
106,5,200
107,12,800
108,3,200
109,9,400
110,4,200
111,15,1200
112,3,200
113,10,400
114,2,200
115,13,800
116,2,200
117,7,400
118,3,200
119,26,1200
120,1,200
121,7,400
122,4,200
123,12,800
124,4,200
125,4,400
126,10,200
127,18,1200
128,3,200
129,6,400
130,1,200
131,20,800
132,4,200
133,8,400
134,7,200
135,19,1200
136,2,200
137,6,400
138,2,200
139,14,800
140,1,200
141,5,400
142,3,200
143,20,1200
144,7,200
145,8,400
146,3,200
147,8,800
148,2,200
149,9,400
150,4,200
151,24,1200
152,1,200
153,7,400
154,2,200
155,10,800
156,3,200
157,8,400
158,1,200
159,22,1200
160,3,200
161,7,400
162,4,200
163,12,800
164,3,200
165,3,400
166,3,200
167,15,1200
168,1,200
169,8,400
170,4,200
171,13,800
172,2,200
173,4,400
174,3,200
175,19,1200
176,2,200
177,10,400
178,4,200
179,8,800
180,4,200
181,7,400
182,9,200
183,23,1200
184,4,200
185,7,400
186,7,200
187,19,800
188,4,200
189,4,400
190,4,200
191,19,1200
192,4,200
193,10,400
194,3,200
195,16,800
196,5,200
197,7,400
198,4,200
199,22,1200
200,3,200
201,7,400
202,3,200
203,15,800
204,5,200
205,10,400
206,2,200
207,22,1200
208,3,200
209,5,400
210,3,200
211,18,800
212,2,200
213,9,400
214,3,200
215,22,1200
216,2,200
217,7,400
218,6,200
219,9,800
220,5,200
221,10,400
222,1,200
223,20,1200
224,2,200
225,7,400
226,3,200
227,10,800
228,1,200
229,5,400
230,1,200
231,17,1200
232,2,200
233,5,400
234,5,200
235,11,800
236,3,200
237,6,400
238,3,200
239,22,1200
240,5,200
241,5,400
242,1,200
243,17,800
244,1,200
245,13,400
246,3,200
247,12,1200
248,3,200
249,3,400
250,3,200
251,16,800
252,2,200
253,10,400
254,2,200
255,23,1200
256,4,200
257,10,400
258,4,200
259,14,800
260,7,200
261,7,400
262,7,200
263,26,1200
264,1,200
265,8,400
266,7,200
267,14,800
268,2,200
269,5,400
270,5,200
271,14,1200
272,2,200
273,10,400
274,4,200
275,15,800
276,3,200
277,5,400
278,5,200
279,26,1200
280,3,200
281,8,400
282,3,200
283,10,800
284,5,200
285,3,400
286,4,200
287,21,1200
288,1,200
289,3,400
290,4,200
291,11,800
292,4,200
293,7,400
294,3,200
295,20,1200
296,3,200
297,7,400
298,3,200
299,8,800
300,7,200
301,11,400
302,2,200
303,16,1200
304,4,200
305,8,400
306,4,200
307,10,800
308,5,200
309,7,400
310,3,200
311,16,1200
312,4,200
313,4,400
314,3,200
315,9,800
316,2,200
317,9,400
318,7,200
319,21,1200
320,3,200
321,13,400
322,7,200
323,13,800
324,5,200
325,7,400
326,6,200
327,12,1200
328,4,200
329,2,400
330,3,200
331,12,800
332,2,200
333,1,400
334,6,200
335,25,1200
336,3,200
337,4,400
338,5,200
339,11,800
340,2,200
341,7,400
342,3,200
343,17,1200
344,6,200
345,10,400
346,1,200
347,8,800
348,4,200
349,6,400
350,4,200
351,20,1200
352,3,200
353,7,400
354,3,200
355,17,800
356,4,200
357,7,400
358,5,200
359,25,1200
360,4,200
361,10,400
362,4,200
363,15,800
364,3,200
365,2,400
366,5,200
367,21,1200
368,3,200
369,11,400
370,2,200
371,12,800
372,5,200
373,10,400
374,1,200
375,26,1200
376,2,200
377,6,400
378,6,200
379,13,800
380,3,200
381,6,400
382,3,200
383,21,1200
384,5,200
385,10,400
386,0,200
387,16,800
388,3,200
389,5,400
390,5,200
391,19,1200
392,2,200
393,11,400
394,2,200
395,10,800
396,3,200
397,4,400
398,3,200
399,13,1200
400,1,200
401,6,400
402,4,200
403,13,800
404,3,200
405,12,400
406,7,200
407,15,1200
408,4,200
409,12,400
410,4,200
411,12,800
412,3,200
413,9,400
414,2,200
415,22,1200
416,4,200
417,5,400
418,4,200
419,12,800
420,3,200
421,12,400
422,2,200
423,22,1200
424,3,200
425,10,400
426,2,200
427,12,800
428,3,200
429,4,400
430,6,200
431,18,1200
432,3,200
433,6,400
434,7,200
435,20,800
436,2,200
437,9,400
438,3,200
439,8,1200
440,3,200
441,11,400
442,1,200
443,24,800
444,3,200
445,7,400
446,5,200
447,19,1200
448,5,200
449,4,400
450,3,200
451,13,800
452,4,200
453,4,400
454,3,200
455,24,1200
456,3,200
457,8,400
458,4,200
459,17,800
460,2,200
461,4,400
462,7,200
463,23,1200
464,1,200
465,10,400
466,2,200
467,12,800
468,8,200
469,8,400
470,5,200
471,16,1200
472,4,200
473,7,400
474,4,200
475,8,800
476,3,200
477,7,400
478,0,200
479,17,1200
480,2,200
481,8,400
482,1,200
483,14,800
484,5,200
485,7,400
486,6,200
487,20,1200
488,8,200
489,5,400
490,1,200
491,9,800
492,1,200
493,5,400
494,3,200
495,17,1200
496,3,200
497,13,400
498,7,200
499,8,800
500,7,200
501,3,400
502,4,200
503,12,1200
504,1,200
505,5,400
506,1,200
507,14,800
508,4,200
509,8,400
510,3,200
511,14,1200
512,1,200
513,9,400
514,3,200
515,11,800
516,5,200
517,3,400
518,1,200
519,19,1200
520,5,200
521,8,400
522,0,200
523,13,800
524,4,200
525,12,400
526,3,200
527,22,1200
528,4,200
529,8,400
530,1,200
531,16,800
532,7,200
533,1,400
534,4,200
535,15,1200
536,5,200
537,5,400
538,1,200
539,10,800
540,6,200
541,5,400
542,5,200
543,21,1200
544,3,200
545,11,400
546,4,200
547,19,800
548,0,200
549,10,400
550,5,200
551,24,1200
552,5,200
553,8,400
554,3,200
555,14,800
556,3,200
557,6,400
558,3,200
559,22,1200
560,2,200
561,2,400
562,2,200
563,17,800
564,1,200
565,9,400
566,6,200
567,25,1200
568,1,200
569,9,400
570,3,200
571,19,800
572,4,200
573,5,400
574,3,200
575,24,1200
576,5,200
577,10,400
578,4,200
579,16,800
580,5,200
581,7,400
582,4,200
583,16,1200
584,2,200
585,4,400
586,2,200
587,13,800
588,6,200
589,8,400
590,3,200
591,17,1200
592,3,200
593,6,400
594,5,200
595,16,800
596,4,200
597,8,400
598,6,200
599,22,1200
600,4,200
601,3,400
602,4,200
603,19,800
604,2,200
605,7,400
606,2,200
607,16,1200
608,2,200
609,8,400
610,4,200
611,17,800
612,2,200
613,10,400
614,5,200
615,14,1200
616,3,200
617,8,400
618,3,200
619,12,800
620,3,200
621,10,400
622,5,200
623,18,1200
624,4,200
625,7,400
626,2,200
627,9,800
628,7,200
629,8,400
630,2,200
631,23,1200
632,3,200
633,4,400
634,5,200
635,8,800
636,3,200
637,7,400
638,7,200
639,21,1200
640,4,200
641,6,400
642,3,200
643,14,800
644,6,200
645,12,400
646,4,200
647,22,1200
648,4,200
649,4,400
650,0,200
651,12,800
652,4,200
653,9,400
654,2,200
655,14,1200
656,0,200
657,6,400
658,4,200
659,12,800
660,5,200
661,11,400
662,3,200
663,20,1200
664,4,200
665,10,400
666,3,200
667,13,800
668,2,200
669,12,400
670,6,200
671,20,1200
672,2,200
673,4,400
674,2,200
675,11,800
676,2,200
677,16,400
678,3,200
679,25,1200
680,3,200
681,7,400
682,3,200
683,20,800
684,0,200
685,9,400
686,6,200
687,22,1200
688,6,200
689,5,400
690,8,200
691,11,800
692,3,200
693,10,400
694,2,200
695,19,1200
696,2,200
697,7,400
698,2,200
699,10,800
700,2,200
701,7,400
702,5,200
703,14,1200
704,3,200
705,11,400
706,4,200
707,12,800
708,3,200
709,8,400
710,4,200
711,21,1200
712,5,200
713,6,400
714,2,200
715,15,800
716,5,200
717,6,400
718,5,200
719,27,1200
720,2,200
721,2,400
722,3,200
723,16,800
724,2,200
725,8,400
726,4,200
727,26,1200
728,4,200
729,6,400
730,6,200
731,9,800
732,5,200
733,5,400
734,3,200
735,19,1200
736,4,200
737,7,400
738,3,200
739,17,800
740,2,200
741,11,400
742,1,200
743,12,1200
744,4,200
745,6,400
746,4,200
747,13,800
748,5,200
749,9,400
750,2,200
751,17,1200
752,3,200
753,5,400
754,3,200
755,15,800
756,3,200
757,6,400
758,3,200
759,23,1200
760,2,200
761,8,400
762,4,200
763,13,800
764,2,200
765,3,400
766,1,200
767,25,1200
768,3,200
769,8,400
770,5,200
771,19,800
772,1,200
773,9,400
774,1,200
775,22,1200
776,2,200
777,6,400
778,2,200
779,19,800
780,4,200
781,4,400
782,3,200
783,16,1200
784,2,200
785,12,400
786,6,200
787,12,800
788,1,200
789,6,400
790,4,200
791,21,1200
792,2,200
793,10,400
794,7,200
795,16,800
796,7,200
797,5,400
798,2,200
799,12,1200
800,2,200
801,8,400
802,3,200
803,9,800
804,4,200
805,10,400
806,2,200
807,16,1200
808,2,200
809,6,400
810,2,200
811,12,800
812,7,200
813,6,400
814,2,200
815,24,1200
816,7,200
817,8,400
818,5,200
819,8,800
820,3,200
821,5,400
822,1,200
823,16,1200
824,4,200
825,7,400
826,5,200
827,9,800
828,6,200
829,6,400
830,2,200
831,17,1200
832,0,200
833,4,400
834,6,200
835,12,800
836,4,200
837,9,400
838,3,200
839,15,1200
840,3,200
841,14,400
842,2,200
843,12,800
844,3,200
845,10,400
846,6,200
847,20,1200
848,1,200
849,8,400
850,1,200
851,12,800
852,3,200
853,2,400
854,5,200
855,25,1200
856,8,200
857,7,400
858,4,200
859,16,800
860,3,200
861,8,400
862,2,200
863,16,1200
864,3,200
865,12,400
866,6,200
867,20,800
868,3,200
869,6,400
870,4,200
871,24,1200
872,7,200
873,5,400
874,3,200
875,11,800
876,2,200
877,6,400
878,8,200
879,19,1200
880,4,200
881,8,400
882,3,200
883,19,800
884,6,200
885,5,400
886,1,200
887,17,1200
888,6,200
889,3,400
890,1,200
891,16,800
892,3,200
893,7,400
894,3,200
895,19,1200
896,3,200
897,11,400
898,1,200
899,10,800
900,1,200
901,10,400
902,8,200
903,16,1200
904,4,200
905,4,400
906,3,200
907,11,800
908,2,200
909,8,400
910,4,200
911,17,1200
912,5,200
913,7,400
914,2,200
915,10,800
916,1,200
917,10,400
918,8,200
919,14,1200
920,0,200
921,3,400
922,2,200
923,15,800
924,2,200
925,7,400
926,1,200
927,12,1200
928,6,200
929,8,400
930,6,200
931,11,800
932,4,200
933,10,400
934,5,200
935,17,1200
936,7,200
937,5,400
938,5,200
939,7,800
940,4,200
941,7,400
942,4,200
943,27,1200
944,3,200
945,10,400
946,0,200
947,10,800
948,5,200
949,2,400
950,1,200
951,19,1200
952,4,200
953,5,400
954,1,200
955,13,800
956,4,200
957,4,400
958,4,200
959,19,1200
960,4,200
961,10,400
962,4,200
963,11,800
964,4,200
965,9,400
966,2,200
967,18,1200
968,4,200
969,7,400
970,3,200
971,10,800
972,9,200
973,6,400
974,2,200
975,19,1200
976,3,200
977,6,400
978,3,200
979,13,800
980,2,200
981,6,400
982,5,200
983,24,1200
984,6,200
985,12,400
986,2,200
987,11,800
988,2,200
989,2,400
990,2,200
991,25,1200
992,0,200
993,8,400
994,3,200
995,17,800
996,5,200
997,6,400
998,4,200
999,29,1200
1000,5,200
1001,2,400
1002,6,200
1003,18,800
1004,7,200
1005,6,400
1006,3,200
1007,16,1200
1008,2,200
1009,9,400
1010,7,200
1011,10,800
1012,6,200
1013,6,400
1014,4,200
1015,21,1200
1016,3,200
1017,10,400
1018,2,200
1019,13,800
1020,3,200
1021,9,400
1022,3,200
1023,15,1200
1024,1,200
1025,9,400
1026,2,200
1027,14,800
1028,5,200
1029,7,400
1030,2,200
1031,23,1200
1032,5,200
1033,7,400
1034,6,200
1035,9,800
1036,7,200
1037,8,400
1038,2,200
1039,18,1200
1040,5,200
1041,8,400
1042,3,200
1043,12,800
1044,1,200
1045,3,400
1046,3,200
1047,18,1200
1048,2,200
1049,8,400
1050,5,200
1051,19,800
1052,5,200
1053,5,400
1054,5,200
1055,21,1200
1056,2,200
1057,7,400
1058,4,200
1059,11,800
1060,3,200
1061,7,400
1062,4,200
1063,21,1200
1064,3,200
1065,2,400
1066,6,200
1067,21,800
1068,5,200
1069,5,400
1070,2,200
1071,26,1200
1072,2,200
1073,10,400
1074,6,200
1075,14,800
1076,8,200
1077,9,400
1078,6,200
1079,19,1200
1080,4,200
1081,9,400
1082,4,200
1083,12,800
1084,6,200
1085,5,400
1086,8,200
1087,21,1200
1088,3,200
1089,4,400
1090,8,200
1091,17,800
1092,5,200
1093,6,400
1094,6,200
1095,18,1200
1096,3,200
1097,6,400
1098,4,200
1099,12,800
1100,2,200
1101,4,400
1102,3,200
1103,20,1200
1104,3,200
1105,5,400
1106,4,200
1107,14,800
1108,2,200
1109,3,400
1110,5,200
1111,20,1200
1112,5,200
1113,9,400
1114,3,200
1115,13,800
1116,4,200
1117,5,400
1118,5,200
1119,16,1200
1120,3,200
1121,5,400
1122,2,200
1123,19,800
1124,4,200
1125,7,400
1126,5,200
1127,21,1200
1128,3,200
1129,7,400
1130,3,200
1131,13,800
1132,2,200
1133,6,400
1134,6,200
1135,20,1200
1136,3,200
1137,8,400
1138,1,200
1139,12,800
1140,2,200
1141,5,400
1142,3,200
1143,20,1200
1144,2,200
1145,5,400
1146,5,200
1147,14,800
1148,1,200
1149,4,400
1150,2,200
1151,22,1200
1152,4,200
1153,6,400
1154,3,200
1155,14,800
1156,4,200
1157,5,400
1158,3,200
1159,22,1200
1160,3,200
1161,8,400
1162,5,200
1163,10,800
1164,2,200
1165,7,400
1166,1,200
1167,15,1200
1168,7,200
1169,6,400
1170,6,200
1171,15,800
1172,3,200
1173,6,400
1174,1,200
1175,18,1200
1176,5,200
1177,4,400
1178,5,200
1179,13,800
1180,5,200
1181,1,400
1182,6,200
1183,30,1200
1184,6,200
1185,12,400
1186,4,200
1187,11,800
1188,4,200
1189,6,400
1190,5,200
1191,28,1200
1192,5,200
1193,9,400
1194,5,200
1195,16,800
1196,3,200
1197,9,400
1198,2,200
1199,20,1200
1200,6,200
1201,4,400
1202,3,200
1203,15,800
1204,2,200
1205,4,400
1206,0,200
1207,22,1200
1208,6,200
1209,7,400
1210,2,200
1211,15,800
1212,2,200
1213,9,400
1214,1,200
1215,23,1200
1216,5,200
1217,8,400
1218,5,200
1219,16,800
1220,2,200
1221,5,400
1222,3,200
1223,22,1200
1224,5,200
1225,6,400
1226,4,200
1227,8,800
1228,3,200
1229,3,400
1230,4,200
1231,24,1200
1232,2,200
1233,5,400
1234,2,200
1235,22,800
1236,6,200
1237,8,400
1238,2,200
1239,15,1200
1240,1,200
1241,8,400
1242,8,200
1243,12,800
1244,3,200
1245,1,400
1246,6,200
1247,24,1200
1248,5,200
1249,10,400
1250,4,200
1251,8,800
1252,2,200
1253,8,400
1254,5,200
1255,18,1200
1256,4,200
1257,11,400
1258,4,200
1259,14,800
1260,3,200
1261,9,400
1262,6,200
1263,19,1200
1264,3,200
1265,8,400
1266,3,200
1267,15,800
1268,2,200
1269,6,400
1270,2,200
1271,12,1200
1272,5,200
1273,7,400
1274,3,200
1275,7,800
1276,6,200
1277,4,400
1278,6,200
1279,20,1200
1280,2,200
1281,1,400
1282,4,200
1283,14,800
1284,3,200
1285,3,400
1286,2,200
1287,17,1200
1288,4,200
1289,11,400
1290,6,200
1291,11,800
1292,1,200
1293,9,400
1294,3,200
1295,15,1200
1296,1,200
1297,9,400
1298,5,200
1299,17,800
1300,2,200
1301,11,400
1302,2,200
1303,15,1200
1304,1,200
1305,4,400
1306,2,200
1307,12,800
1308,2,200
1309,4,400
1310,2,200
1311,19,1200
1312,2,200
1313,3,400
1314,6,200
1315,11,800
1316,4,200
1317,5,400
1318,2,200
1319,19,1200
1320,2,200
1321,8,400
1322,2,200
1323,11,800
1324,4,200
1325,6,400
1326,2,200
1327,18,1200
1328,5,200
1329,8,400
1330,4,200
1331,15,800
1332,2,200
1333,7,400
1334,1,200
1335,15,1200
1336,3,200
1337,1,400
1338,4,200
1339,15,800
1340,4,200
1341,5,400
1342,3,200
1343,16,1200
1344,4,200
1345,8,400
1346,5,200
1347,11,800
1348,2,200
1349,6,400
1350,4,200
1351,16,1200
1352,8,200
1353,4,400
1354,4,200
1355,13,800
1356,3,200
1357,11,400
1358,6,200
1359,19,1200
1360,4,200
1361,9,400
1362,5,200
1363,17,800
1364,6,200
1365,5,400
1366,2,200
1367,12,1200
1368,3,200
1369,8,400
1370,2,200
1371,16,800
1372,4,200
1373,4,400
1374,6,200
1375,20,1200
1376,4,200
1377,6,400
1378,7,200
1379,16,800
1380,3,200
1381,6,400
1382,5,200
1383,18,1200
1384,8,200
1385,8,400
1386,6,200
1387,13,800
1388,1,200
1389,10,400
1390,2,200
1391,26,1200
1392,4,200
1393,4,400
1394,6,200
1395,14,800
1396,3,200
1397,5,400
1398,3,200
1399,18,1200
1400,4,200
1401,5,400
1402,3,200
1403,16,800
1404,1,200
1405,8,400
1406,5,200
1407,17,1200
1408,4,200
1409,7,400
1410,3,200
1411,15,800
1412,6,200
1413,7,400
1414,6,200
1415,21,1200
1416,8,200
1417,8,400
1418,5,200
1419,6,800
1420,3,200
1421,4,400
1422,4,200
1423,17,1200
1424,3,200
1425,4,400
1426,3,200
1427,12,800
1428,3,200
1429,7,400
1430,4,200
1431,22,1200
1432,4,200
1433,10,400
1434,5,200
1435,11,800
1436,1,200
1437,7,400
1438,6,200
1439,17,1200
1440,4,200
1441,6,400
1442,5,200
1443,17,800
1444,3,200
1445,6,400
1446,2,200
1447,14,1200
1448,3,200
1449,6,400
1450,5,200
1451,18,800
1452,1,200
1453,8,400
1454,4,200
1455,14,1200
1456,2,200
1457,7,400
1458,3,200
1459,16,800
1460,5,200
1461,5,400
1462,3,200
1463,18,1200
1464,3,200
1465,4,400
1466,7,200
1467,9,800
1468,3,200
1469,5,400
1470,6,200
1471,15,1200
1472,6,200
1473,4,400
1474,5,200
1475,11,800
1476,4,200
1477,8,400
1478,5,200
1479,20,1200
1480,3,200
1481,7,400
1482,2,200
1483,10,800
1484,5,200
1485,5,400
1486,2,200
1487,23,1200
1488,7,200
1489,5,400
1490,4,200
1491,12,800
1492,2,200
1493,7,400
1494,3,200
1495,21,1200
1496,5,200
1497,6,400
1498,6,200
1499,14,800
1500,8,200
1501,11,400
1502,2,200
1503,20,1200
1504,3,200
1505,5,400
1506,5,200
1507,13,800
1508,4,200
1509,5,400
1510,3,200
1511,14,1200
1512,4,200
1513,3,400
1514,2,200
1515,17,800
1516,2,200
1517,7,400
1518,2,200
1519,18,1200
1520,2,200
1521,7,400
1522,3,200
1523,14,800
1524,4,200
1525,10,400
1526,5,200
1527,27,1200
1528,6,200
1529,10,400
1530,2,200
1531,14,800
1532,5,200
1533,6,400
1534,6,200
1535,24,1200
1536,2,200
1537,4,400
1538,2,200
1539,14,800
1540,5,200
1541,2,400
1542,4,200
1543,17,1200
1544,3,200
1545,7,400
1546,2,200
1547,13,800
1548,4,200
1549,7,400
1550,3,200
1551,30,1200
1552,2,200
1553,4,400
1554,1,200
1555,14,800
1556,4,200
1557,5,400
1558,3,200
1559,16,1200
1560,2,200
1561,5,400
1562,5,200
1563,9,800
1564,3,200
1565,11,400
1566,1,200
1567,15,1200
1568,3,200
1569,5,400
1570,4,200
1571,13,800
1572,3,200
1573,11,400
1574,8,200
1575,19,1200
1576,2,200
1577,4,400
1578,3,200
1579,11,800
1580,5,200
1581,9,400
1582,2,200
1583,14,1200
1584,3,200
1585,4,400
1586,6,200
1587,10,800
1588,3,200
1589,4,400
1590,6,200
1591,20,1200
1592,1,200
1593,7,400
1594,3,200
1595,17,800
1596,6,200
1597,14,400
1598,6,200
1599,16,1200
1600,2,200
1601,15,400
1602,2,200
1603,12,800
1604,2,200
1605,4,400
1606,2,200
1607,17,1200
1608,2,200
1609,3,400
1610,6,200
1611,12,800
1612,0,200
1613,5,400
1614,4,200
1615,24,1200
1616,1,200
1617,8,400
1618,3,200
1619,14,800
1620,1,200
1621,4,400
1622,2,200
1623,20,1200
1624,3,200
1625,8,400
1626,4,200
1627,16,800
1628,2,200
1629,6,400
1630,6,200
1631,23,1200
1632,5,200
1633,9,400
1634,4,200
1635,15,800
1636,3,200
1637,6,400
1638,5,200
1639,19,1200
1640,1,200
1641,8,400
1642,5,200
1643,11,800
1644,4,200
1645,9,400
1646,6,200
1647,26,1200
1648,1,200
1649,8,400
1650,2,200
1651,16,800
1652,2,200
1653,6,400
1654,2,200
1655,17,1200
1656,10,200
1657,8,400
1658,5,200
1659,16,800
1660,4,200
1661,7,400
1662,1,200
1663,29,1200
1664,3,200
1665,8,400
1666,3,200
1667,13,800
1668,5,200
1669,5,400
1670,7,200
1671,23,1200
1672,3,200
1673,10,400
1674,5,200
1675,14,800
1676,4,200
1677,8,400
1678,3,200
1679,27,1200
1680,6,200
1681,10,400
1682,3,200
1683,6,800
1684,3,200
1685,5,400
1686,3,200
1687,23,1200
1688,2,200
1689,1,400
1690,2,200
1691,12,800
1692,3,200
1693,4,400
1694,5,200
1695,18,1200
1696,3,200
1697,10,400
1698,1,200
1699,16,800
1700,5,200
1701,7,400
1702,2,200
1703,20,1200
1704,4,200
1705,7,400
1706,7,200
1707,18,800
1708,1,200
1709,9,400
1710,6,200
1711,17,1200
1712,0,200
1713,4,400
1714,2,200
1715,10,800
1716,5,200
1717,7,400
1718,5,200
1719,18,1200
1720,2,200
1721,5,400
1722,3,200
1723,17,800
1724,4,200
1725,10,400
1726,4,200
1727,26,1200
1728,1,200
1729,10,400
1730,6,200
1731,14,800
1732,5,200
1733,5,400
1734,4,200
1735,14,1200
1736,2,200
1737,4,400
1738,5,200
1739,19,800
1740,2,200
1741,7,400
1742,5,200
1743,14,1200
1744,4,200
1745,6,400
1746,2,200
1747,13,800
1748,4,200
1749,5,400
1750,2,200
1751,17,1200
1752,4,200
1753,7,400
1754,3,200
1755,19,800
1756,5,200
1757,4,400
1758,3,200
1759,16,1200
1760,8,200
1761,6,400
1762,3,200
1763,10,800
1764,5,200
1765,8,400
1766,6,200
1767,18,1200
1768,2,200
1769,10,400
1770,1,200
1771,9,800
1772,2,200
1773,6,400
1774,2,200
1775,26,1200
1776,4,200
1777,14,400
1778,4,200
1779,14,800
1780,3,200
1781,7,400
1782,3,200
1783,20,1200
1784,2,200
1785,5,400
1786,2,200
1787,7,800
1788,3,200
1789,2,400
1790,3,200
1791,23,1200
1792,4,200
1793,7,400
1794,3,200
1795,12,800
1796,2,200
1797,9,400
1798,8,200
1799,23,1200
1800,2,200
1801,5,400
1802,3,200
1803,18,800
1804,3,200
1805,5,400
1806,5,200
1807,25,1200
1808,3,200
1809,11,400
1810,4,200
1811,14,800
1812,2,200
1813,4,400
1814,4,200
1815,20,1200
1816,3,200
1817,8,400
1818,3,200
1819,11,800
1820,4,200
1821,5,400
1822,6,200
1823,19,1200
1824,7,200
1825,4,400
1826,4,200
1827,15,800
1828,4,200
1829,5,400
1830,2,200
1831,23,1200
1832,2,200
1833,6,400
1834,5,200
1835,12,800
1836,4,200
1837,7,400
1838,4,200
1839,19,1200
1840,2,200
1841,2,400
1842,6,200
1843,4,800
1844,3,200
1845,8,400
1846,3,200
1847,24,1200
1848,4,200
1849,7,400
1850,5,200
1851,8,800
1852,3,200
1853,15,400
1854,5,200
1855,15,1200
1856,5,200
1857,7,400
1858,3,200
1859,12,800
1860,5,200
1861,5,400
1862,4,200
1863,21,1200
1864,6,200
1865,6,400
1866,2,200
1867,13,800
1868,4,200
1869,6,400
1870,5,200
1871,22,1200
1872,5,200
1873,4,400
1874,7,200
1875,17,800
1876,2,200
1877,8,400
1878,5,200
1879,19,1200
1880,2,200
1881,2,400
1882,2,200
1883,9,800
1884,4,200
1885,3,400
1886,2,200
1887,18,1200
1888,4,200
1889,1,400
1890,1,200
1891,18,800
1892,3,200
1893,6,400
1894,3,200
1895,14,1200
1896,4,200
1897,6,400
1898,6,200
1899,15,800
1900,2,200
1901,7,400
1902,4,200
1903,19,1200
1904,1,200
1905,6,400
1906,8,200
1907,15,800
1908,5,200
1909,7,400
1910,4,200
1911,26,1200
1912,3,200
1913,9,400
1914,6,200
1915,12,800
1916,4,200
1917,4,400
1918,1,200
1919,20,1200
1920,4,200
1921,8,400
1922,3,200
1923,9,800
1924,3,200
1925,8,400
1926,0,200
1927,23,1200
1928,3,200
1929,11,400
1930,3,200
1931,18,800
1932,4,200
1933,4,400
1934,5,200
1935,23,1200
1936,6,200
1937,6,400
1938,6,200
1939,9,800
1940,3,200
1941,5,400
1942,2,200
1943,20,1200
1944,1,200
1945,9,400
1946,4,200
1947,11,800
1948,0,200
1949,4,400
1950,5,200
1951,15,1200
1952,2,200
1953,6,400
1954,4,200
1955,13,800
1956,1,200
1957,9,400
1958,6,200
1959,15,1200
1960,2,200
1961,4,400
1962,2,200
1963,13,800
1964,4,200
1965,4,400
1966,4,200
1967,19,1200
1968,5,200
1969,6,400
1970,2,200
1971,12,800
1972,3,200
1973,11,400
1974,2,200
1975,16,1200
1976,6,200
1977,6,400
1978,2,200
1979,9,800
1980,2,200
1981,9,400
1982,3,200
1983,22,1200
1984,4,200
1985,5,400
1986,1,200
1987,12,800
1988,4,200
1989,7,400
1990,7,200
1991,29,1200
1992,3,200
1993,3,400
1994,4,200
1995,16,800
1996,4,200
1997,2,400
1998,1,200
1999,18,1200
2000,3,200
2001,9,400
2002,4,200
2003,13,800
2004,5,200
2005,4,400
2006,3,200
2007,19,1200
2008,4,200
2009,9,400
2010,6,200
2011,16,800
2012,8,200
2013,8,400
2014,6,200
2015,23,1200
2016,3,200
2017,6,400
2018,3,200
2019,14,800
2020,5,200
2021,8,400
2022,3,200
2023,17,1200
2024,6,200
2025,7,400
2026,6,200
2027,5,800
2028,4,200
2029,4,400
2030,5,200
2031,22,1200
2032,5,200
2033,10,400
2034,4,200
2035,13,800
2036,4,200
2037,6,400
2038,4,200
2039,22,1200
2040,3,200
2041,2,400
2042,4,200
2043,13,800
2044,6,200
2045,8,400
2046,2,200
2047,21,1200
2048,5,200
2049,3,400
2050,4,200
2051,10,800
2052,5,200
2053,8,400
2054,0,200
2055,23,1200
2056,3,200
2057,4,400
2058,6,200
2059,12,800
2060,0,200
2061,4,400
2062,6,200
2063,19,1200
2064,4,200
2065,3,400
2066,4,200
2067,14,800
2068,3,200
2069,8,400
2070,2,200
2071,25,1200
2072,3,200
2073,7,400
2074,2,200
2075,13,800
2076,2,200
2077,5,400
2078,3,200
2079,16,1200
2080,0,200
2081,5,400
2082,3,200
2083,8,800
2084,2,200
2085,6,400
2086,4,200
2087,19,1200
2088,4,200
2089,12,400
2090,2,200
2091,11,800
2092,3,200
2093,4,400
2094,5,200
2095,18,1200
2096,3,200
2097,4,400
2098,4,200
2099,13,800
2100,2,200
2101,6,400
2102,4,200
2103,15,1200
2104,2,200
2105,5,400
2106,4,200
2107,11,800
2108,4,200
2109,4,400
2110,4,200
2111,18,1200
2112,4,200
2113,7,400
2114,3,200
2115,17,800
2116,4,200
2117,6,400
2118,5,200
2119,19,1200
2120,4,200
2121,6,400
2122,4,200
2123,11,800
2124,4,200
2125,4,400
2126,2,200
2127,19,1200
2128,3,200
2129,8,400
2130,4,200
2131,13,800
2132,1,200
2133,8,400
2134,3,200
2135,21,1200
2136,2,200
2137,5,400
2138,4,200
2139,16,800
2140,6,200
2141,8,400
2142,2,200
2143,27,1200
2144,4,200
2145,7,400
2146,4,200
2147,12,800
2148,3,200
2149,7,400
2150,4,200
2151,23,1200
2152,6,200
2153,10,400
2154,1,200
2155,14,800
2156,4,200
2157,5,400
2158,5,200
2159,24,1200
2160,3,200
2161,8,400
2162,3,200
2163,15,800
2164,4,200
2165,3,400
2166,3,200
2167,19,1200
2168,2,200
2169,7,400
2170,3,200
2171,20,800
2172,5,200
2173,12,400
2174,5,200
2175,23,1200
2176,1,200
2177,4,400
2178,2,200
2179,13,800
2180,4,200
2181,13,400
2182,5,200
2183,24,1200
2184,5,200
2185,7,400
2186,1,200
2187,11,800
2188,3,200
2189,6,400
2190,3,200
2191,18,1200
2192,4,200
2193,7,400
2194,5,200
2195,12,800
2196,3,200
2197,7,400
2198,3,200
2199,20,1200
2200,4,200
2201,10,400
2202,4,200
2203,12,800
2204,1,200
2205,8,400
2206,5,200
2207,21,1200
2208,2,200
2209,8,400
2210,3,200
2211,15,800
2212,2,200
2213,3,400
2214,2,200
2215,28,1200
2216,5,200
2217,5,400
2218,5,200
2219,11,800
2220,3,200
2221,9,400
2222,4,200
2223,24,1200
2224,4,200
2225,13,400
2226,4,200
2227,11,800
2228,2,200
2229,4,400
2230,4,200
2231,15,1200
2232,1,200
2233,9,400
2234,6,200
2235,18,800
2236,3,200
2237,6,400
2238,7,200
2239,18,1200
2240,4,200
2241,4,400
2242,4,200
2243,11,800
2244,4,200
2245,6,400
2246,2,200
2247,16,1200
2248,4,200
2249,6,400
2250,2,200
2251,10,800
2252,7,200
2253,4,400
2254,3,200
2255,22,1200
2256,5,200
2257,5,400
2258,5,200
2259,17,800
2260,1,200
2261,6,400
2262,2,200
2263,19,1200
2264,2,200
2265,8,400
2266,4,200
2267,15,800
2268,3,200
2269,10,400
2270,2,200
2271,19,1200
2272,4,200
2273,6,400
2274,1,200
2275,17,800
2276,4,200
2277,8,400
2278,7,200
2279,14,1200
2280,2,200
2281,5,400
2282,2,200
2283,16,800
2284,3,200
2285,7,400
2286,4,200
2287,15,1200
2288,1,200
2289,6,400
2290,1,200
2291,7,800
2292,1,200
2293,4,400
2294,4,200
2295,11,1200
2296,4,200
2297,10,400
2298,4,200
2299,9,800
2300,2,200
2301,4,400
2302,4,200
2303,17,1200
2304,3,200
2305,10,400
2306,2,200
2307,19,800
2308,3,200
2309,4,400
2310,3,200
2311,20,1200
2312,4,200
2313,3,400
2314,1,200
2315,13,800
2316,3,200
2317,6,400
2318,4,200
2319,17,1200
2320,1,200
2321,9,400
2322,5,200
2323,12,800
2324,3,200
2325,5,400
2326,5,200
2327,15,1200
2328,4,200
2329,2,400
2330,3,200
2331,14,800
2332,4,200
2333,9,400
2334,5,200
2335,20,1200
2336,0,200
2337,6,400
2338,5,200
2339,10,800
2340,6,200
2341,11,400
2342,5,200
2343,21,1200
2344,3,200
2345,5,400
2346,5,200
2347,9,800
2348,2,200
2349,6,400
2350,2,200
2351,22,1200
2352,5,200
2353,6,400
2354,2,200
2355,15,800
2356,2,200
2357,9,400
2358,8,200
2359,21,1200
2360,3,200
2361,4,400
2362,1,200
2363,14,800
2364,5,200
2365,8,400
2366,4,200
2367,17,1200
2368,4,200
2369,11,400
2370,1,200
2371,14,800
2372,6,200
2373,7,400
2374,3,200
2375,13,1200
2376,3,200
2377,7,400
2378,4,200
2379,8,800
2380,3,200
2381,8,400
2382,6,200
2383,12,1200
2384,2,200
2385,9,400
2386,0,200
2387,12,800
2388,3,200
2389,5,400
2390,6,200
2391,17,1200
2392,1,200
2393,6,400
2394,2,200
2395,19,800
2396,4,200
2397,10,400
2398,4,200
2399,14,1200
2400,4,200
2401,8,400
2402,3,200
2403,15,800
2404,4,200
2405,6,400
2406,2,200
2407,23,1200
2408,1,200
2409,3,400
2410,4,200
2411,16,800
2412,2,200
2413,11,400
2414,3,200
2415,16,1200
2416,5,200
2417,7,400
2418,3,200
2419,17,800
2420,4,200
2421,8,400
2422,4,200
2423,26,1200
2424,6,200
2425,4,400
2426,3,200
2427,14,800
2428,1,200
2429,7,400
2430,4,200
2431,22,1200
2432,5,200
2433,12,400
2434,5,200
2435,13,800
2436,3,200
2437,5,400
2438,4,200
2439,20,1200
2440,4,200
2441,5,400
2442,9,200
2443,14,800
2444,2,200
2445,4,400
2446,5,200
2447,18,1200
2448,1,200
2449,7,400
2450,2,200
2451,14,800
2452,3,200
2453,7,400
2454,2,200
2455,24,1200
2456,4,200
2457,10,400
2458,2,200
2459,13,800
2460,2,200
2461,7,400
2462,5,200
2463,22,1200
2464,3,200
2465,3,400
2466,4,200
2467,17,800
2468,3,200
2469,8,400
2470,2,200
2471,17,1200
2472,4,200
2473,8,400
2474,5,200
2475,11,800
2476,4,200
2477,5,400
2478,2,200
2479,20,1200
2480,1,200
2481,9,400
2482,0,200
2483,19,800
2484,3,200
2485,7,400
2486,5,200
2487,24,1200
2488,5,200
2489,8,400
2490,7,200
2491,19,800
2492,6,200
2493,5,400
2494,3,200
2495,19,1200
2496,4,200
2497,8,400
2498,2,200
2499,16,800
2500,5,200
2501,7,400
2502,3,200
2503,12,1200
2504,4,200
2505,8,400
2506,5,200
2507,13,800
2508,5,200
2509,8,400
2510,4,200
2511,24,1200
2512,4,200
2513,3,400
2514,5,200
2515,10,800
2516,5,200
2517,6,400
2518,2,200
2519,17,1200
2520,5,200
2521,7,400
2522,3,200
2523,14,800
2524,1,200
2525,8,400
2526,1,200
2527,23,1200
2528,7,200
2529,10,400
2530,3,200
2531,14,800
2532,4,200
2533,8,400
2534,3,200
2535,15,1200
2536,4,200
2537,8,400
2538,5,200
2539,12,800
2540,5,200
2541,8,400
2542,5,200
2543,29,1200
2544,5,200
2545,4,400
2546,5,200
2547,21,800
2548,4,200
2549,10,400
2550,4,200
2551,19,1200
2552,3,200
2553,3,400
2554,5,200
2555,11,800
2556,4,200
2557,9,400
2558,8,200
2559,20,1200
2560,6,200
2561,2,400
2562,5,200
2563,19,800
2564,8,200
2565,6,400
2566,1,200
2567,22,1200
2568,3,200
2569,5,400
2570,4,200
2571,12,800
2572,3,200
2573,9,400
2574,2,200
2575,24,1200
2576,1,200
2577,6,400
2578,0,200
2579,15,800
2580,3,200
2581,7,400
2582,7,200
2583,13,1200
2584,1,200
2585,5,400
2586,5,200
2587,17,800
2588,3,200
2589,5,400
2590,3,200
2591,15,1200
2592,3,200
2593,7,400
2594,4,200
2595,18,800
2596,5,200
2597,4,400
2598,3,200
2599,24,1200
2600,2,200
2601,9,400
2602,3,200
2603,12,800
2604,6,200
2605,10,400
2606,3,200
2607,16,1200
2608,6,200
2609,7,400
2610,5,200
2611,9,800
2612,6,200
2613,4,400
2614,1,200
2615,19,1200
2616,8,200
2617,6,400
2618,2,200
2619,14,800
2620,3,200
2621,9,400
2622,7,200
2623,21,1200
2624,4,200
2625,6,400
2626,3,200
2627,20,800
2628,3,200
2629,5,400
2630,1,200
2631,19,1200
2632,4,200
2633,7,400
2634,5,200
2635,12,800
2636,2,200
2637,6,400
2638,6,200
2639,30,1200
2640,2,200
2641,10,400
2642,5,200
2643,19,800
2644,1,200
2645,7,400
2646,2,200
2647,15,1200
2648,1,200
2649,7,400
2650,2,200
2651,13,800
2652,5,200
2653,7,400
2654,1,200
2655,16,1200
2656,6,200
2657,7,400
2658,3,200
2659,15,800
2660,1,200
2661,8,400
2662,7,200
2663,18,1200
2664,4,200
2665,5,400
2666,5,200
2667,5,800
2668,2,200
2669,8,400
2670,6,200
2671,16,1200
2672,5,200
2673,3,400
2674,4,200
2675,15,800
2676,4,200
2677,8,400
2678,5,200
2679,16,1200
2680,3,200
2681,9,400
2682,6,200
2683,9,800
2684,2,200
2685,6,400
2686,5,200
2687,18,1200
2688,2,200
2689,2,400
2690,5,200
2691,12,800
2692,7,200
2693,7,400
2694,1,200
2695,19,1200
2696,1,200
2697,6,400
2698,5,200
2699,10,800
2700,4,200
2701,3,400
2702,5,200
2703,27,1200
2704,9,200
2705,6,400
2706,2,200
2707,11,800
2708,4,200
2709,9,400
2710,1,200
2711,21,1200
2712,4,200
2713,9,400
2714,2,200
2715,17,800
2716,3,200
2717,6,400
2718,1,200
2719,26,1200
2720,3,200
2721,8,400
2722,2,200
2723,13,800
2724,3,200
2725,12,400
2726,2,200
2727,20,1200
2728,4,200
2729,8,400
2730,4,200
2731,13,800
2732,3,200
2733,4,400
2734,2,200
2735,27,1200
2736,2,200
2737,8,400
2738,7,200
2739,16,800
2740,2,200
2741,9,400
2742,7,200
2743,12,1200
2744,2,200
2745,6,400
2746,3,200
2747,11,800
2748,0,200
2749,5,400
2750,4,200
2751,17,1200
2752,8,200
2753,2,400
2754,5,200
2755,13,800
2756,5,200
2757,6,400
2758,1,200
2759,21,1200
2760,4,200
2761,7,400
2762,0,200
2763,10,800
2764,2,200
2765,9,400
2766,4,200
2767,14,1200
2768,2,200
2769,6,400
2770,2,200
2771,12,800
2772,4,200
2773,5,400
2774,2,200
2775,17,1200
2776,1,200
2777,5,400
2778,4,200
2779,9,800
2780,3,200
2781,6,400
2782,5,200
2783,14,1200
2784,4,200
2785,12,400
2786,1,200
2787,12,800
2788,1,200
2789,4,400
2790,6,200
2791,25,1200
2792,5,200
2793,9,400
2794,7,200
2795,14,800
2796,2,200
2797,8,400
2798,7,200
2799,15,1200
2800,3,200
2801,9,400
2802,2,200
2803,18,800
2804,8,200
2805,8,400
2806,6,200
2807,12,1200
2808,2,200
2809,8,400
2810,3,200
2811,10,800
2812,3,200
2813,7,400
2814,1,200
2815,24,1200
2816,3,200
2817,8,400
2818,0,200
2819,15,800
2820,4,200
2821,6,400
2822,1,200
2823,30,1200
2824,5,200
2825,6,400
2826,4,200
2827,13,800
2828,4,200
2829,10,400
2830,2,200
2831,13,1200
2832,5,200
2833,2,400
2834,3,200
2835,16,800
2836,2,200
2837,5,400
2838,2,200
2839,18,1200
2840,2,200
2841,5,400
2842,5,200
2843,7,800
2844,3,200
2845,7,400
2846,1,200
2847,22,1200
2848,4,200
2849,6,400
2850,0,200
2851,12,800
2852,3,200
2853,11,400
2854,3,200
2855,24,1200
2856,2,200
2857,9,400
2858,1,200
2859,9,800
2860,2,200
2861,10,400
2862,4,200
2863,23,1200
2864,5,200
2865,7,400
2866,3,200
2867,8,800
2868,4,200
2869,6,400
2870,1,200
2871,23,1200
2872,5,200
2873,9,400
2874,2,200
2875,13,800
2876,5,200
2877,2,400
2878,5,200
2879,16,1200
2880,3,200
2881,6,400
2882,2,200
2883,13,800
2884,3,200
2885,8,400
2886,5,200
2887,22,1200
2888,7,200
2889,5,400
2890,3,200
2891,14,800
2892,7,200
2893,9,400
2894,7,200
2895,20,1200
2896,4,200
2897,6,400
2898,3,200
2899,17,800
2900,7,200
2901,8,400
2902,4,200
2903,25,1200
2904,2,200
2905,7,400
2906,4,200
2907,20,800
2908,3,200
2909,5,400
2910,4,200
2911,13,1200
2912,4,200
2913,4,400
2914,2,200
2915,10,800
2916,3,200
2917,12,400
2918,4,200
2919,20,1200
2920,5,200
2921,8,400
2922,4,200
2923,17,800
2924,3,200
2925,7,400
2926,3,200
2927,17,1200
2928,4,200
2929,8,400
2930,2,200
2931,17,800
2932,3,200
2933,7,400
2934,1,200
2935,21,1200
2936,4,200
2937,11,400
2938,1,200
2939,8,800
2940,6,200
2941,4,400
2942,3,200
2943,13,1200
2944,4,200
2945,10,400
2946,3,200
2947,18,800
2948,8,200
2949,3,400
2950,3,200
2951,14,1200
2952,3,200
2953,8,400
2954,4,200
2955,17,800
2956,5,200
2957,7,400
2958,3,200
2959,25,1200
2960,2,200
2961,3,400
2962,4,200
2963,11,800
2964,4,200
2965,7,400
2966,3,200
2967,16,1200
2968,2,200
2969,4,400
2970,6,200
2971,19,800
2972,5,200
2973,4,400
2974,2,200
2975,18,1200
2976,1,200
2977,8,400
2978,4,200
2979,14,800
2980,3,200
2981,8,400
2982,3,200
2983,22,1200
2984,2,200
2985,9,400
2986,3,200
2987,12,800
2988,5,200
2989,7,400
2990,1,200
2991,13,1200
2992,2,200
2993,5,400
2994,3,200
2995,14,800
2996,5,200
2997,4,400
2998,2,200
2999,22,1200
3000,3,200
3001,5,400
3002,2,200
3003,13,800
3004,6,200
3005,6,400
3006,3,200
3007,22,1200
3008,2,200
3009,4,400
3010,6,200
3011,16,800
3012,2,200
3013,5,400
3014,0,200
3015,20,1200
3016,6,200
3017,3,400
3018,2,200
3019,9,800
3020,4,200
3021,9,400
3022,6,200
3023,16,1200
3024,2,200
3025,1,400
3026,4,200
3027,14,800
3028,3,200
3029,4,400
3030,7,200
3031,24,1200
3032,6,200
3033,6,400
3034,4,200
3035,9,800
3036,5,200
3037,6,400
3038,3,200
3039,20,1200
3040,2,200
3041,7,400
3042,1,200
3043,15,800
3044,3,200
3045,4,400
3046,5,200
3047,15,1200
3048,3,200
3049,6,400
3050,2,200
3051,14,800
3052,3,200
3053,12,400
3054,2,200
3055,16,1200
3056,3,200
3057,8,400
3058,3,200
3059,11,800
3060,5,200
3061,6,400
3062,4,200
3063,19,1200
3064,2,200
3065,10,400
3066,3,200
3067,12,800
3068,4,200
3069,6,400
3070,3,200
3071,21,1200
3072,1,200
3073,5,400
3074,2,200
3075,13,800
3076,3,200
3077,7,400
3078,1,200
3079,13,1200
3080,3,200
3081,8,400
3082,5,200
3083,15,800
3084,2,200
3085,9,400
3086,6,200
3087,15,1200
3088,3,200
3089,5,400
3090,5,200
3091,13,800
3092,7,200
3093,7,400
3094,4,200
3095,20,1200
3096,0,200
3097,7,400
3098,3,200
3099,16,800
3100,5,200
3101,3,400
3102,3,200
3103,13,1200
3104,3,200
3105,5,400
3106,4,200
3107,14,800
3108,4,200
3109,6,400
3110,7,200
3111,16,1200
3112,3,200
3113,8,400
3114,3,200
3115,16,800
3116,3,200
3117,6,400
3118,4,200
3119,17,1200
3120,5,200
3121,6,400
3122,2,200
3123,17,800
3124,3,200
3125,8,400
3126,4,200
3127,20,1200
3128,3,200
3129,4,400
3130,2,200
3131,11,800
3132,2,200
3133,4,400
3134,6,200
3135,18,1200
3136,4,200
3137,6,400
3138,2,200
3139,17,800
3140,6,200
3141,5,400
3142,1,200
3143,22,1200
3144,5,200
3145,6,400
3146,5,200
3147,12,800
3148,1,200
3149,4,400
3150,5,200
3151,20,1200
3152,2,200
3153,5,400
3154,4,200
3155,17,800
3156,1,200
3157,5,400
3158,4,200
3159,19,1200
3160,0,200
3161,10,400
3162,3,200
3163,10,800
3164,1,200
3165,10,400
3166,4,200
3167,21,1200
3168,1,200
3169,10,400
3170,2,200
3171,14,800
3172,2,200
3173,5,400
3174,2,200
3175,12,1200
3176,3,200
3177,9,400
3178,3,200
3179,19,800
3180,4,200
3181,5,400
3182,3,200
3183,21,1200
3184,3,200
3185,7,400
3186,3,200
3187,15,800
3188,3,200
3189,5,400
3190,4,200
3191,13,1200
3192,3,200
3193,9,400
3194,3,200
3195,14,800
3196,2,200
3197,6,400
3198,1,200
3199,28,1200
3200,5,200
3201,8,400
3202,3,200
3203,10,800
3204,5,200
3205,6,400
3206,3,200
3207,15,1200
3208,4,200
3209,2,400
3210,4,200
3211,18,800
3212,6,200
3213,9,400
3214,1,200
3215,23,1200
3216,5,200
3217,6,400
3218,5,200
3219,16,800
3220,5,200
3221,5,400
3222,4,200
3223,18,1200
3224,3,200
3225,11,400
3226,4,200
3227,14,800
3228,4,200
3229,9,400
3230,5,200
3231,29,1200
3232,4,200
3233,7,400
3234,4,200
3235,14,800
3236,4,200
3237,6,400
3238,2,200
3239,17,1200
3240,2,200
3241,6,400
3242,8,200
3243,6,800
3244,2,200
3245,4,400
3246,4,200
3247,16,1200
3248,2,200
3249,4,400
3250,3,200
3251,14,800
3252,1,200
3253,6,400
3254,3,200
3255,21,1200
3256,2,200
3257,7,400
3258,4,200
3259,16,800
3260,3,200
3261,6,400
3262,5,200
3263,21,1200
3264,5,200
3265,5,400
3266,1,200
3267,8,800
3268,2,200
3269,6,400
3270,6,200
3271,11,1200
3272,1,200
3273,8,400
3274,1,200
3275,14,800
3276,3,200
3277,7,400
3278,6,200
3279,21,1200
3280,8,200
3281,5,400
3282,4,200
3283,17,800
3284,7,200
3285,8,400
3286,2,200
3287,19,1200
3288,4,200
3289,5,400
3290,5,200
3291,11,800
3292,2,200
3293,6,400
3294,5,200
3295,19,1200
3296,3,200
3297,5,400
3298,4,200
3299,7,800
3300,4,200
3301,7,400
3302,6,200
3303,21,1200
3304,3,200
3305,7,400
3306,1,200
3307,9,800
3308,7,200
3309,6,400
3310,7,200
3311,24,1200
3312,4,200
3313,11,400
3314,5,200
3315,9,800
3316,1,200
3317,9,400
3318,3,200
3319,14,1200
3320,5,200
3321,7,400
3322,2,200
3323,14,800
3324,7,200
3325,8,400
3326,4,200
3327,14,1200
3328,3,200
3329,5,400
3330,5,200
3331,13,800
3332,2,200
3333,4,400
3334,3,200
3335,18,1200
3336,4,200
3337,8,400
3338,3,200
3339,13,800
3340,3,200
3341,7,400
3342,6,200
3343,16,1200
3344,5,200
3345,4,400
3346,2,200
3347,9,800
3348,2,200
3349,11,400
3350,3,200
3351,17,1200
3352,5,200
3353,11,400
3354,3,200
3355,11,800
3356,1,200
3357,5,400
3358,5,200
3359,24,1200
3360,4,200
3361,6,400
3362,2,200
3363,11,800
3364,2,200
3365,6,400
3366,7,200
3367,22,1200
3368,3,200
3369,4,400
3370,3,200
3371,8,800
3372,5,200
3373,5,400
3374,3,200
3375,13,1200
3376,4,200
3377,10,400
3378,0,200
3379,17,800
3380,1,200
3381,7,400
3382,4,200
3383,14,1200
3384,2,200
3385,6,400
3386,3,200
3387,10,800
3388,4,200
3389,4,400
3390,4,200
3391,23,1200
3392,5,200
3393,8,400
3394,6,200
3395,14,800
3396,5,200
3397,4,400
3398,4,200
3399,20,1200
3400,2,200
3401,6,400
3402,4,200
3403,14,800
3404,5,200
3405,1,400
3406,4,200
3407,18,1200
3408,3,200
3409,5,400
3410,4,200
3411,11,800
3412,2,200
3413,7,400
3414,4,200
3415,18,1200
3416,6,200
3417,6,400
3418,6,200
3419,14,800
3420,6,200
3421,4,400
3422,6,200
3423,15,1200
3424,5,200
3425,6,400
3426,4,200
3427,6,800
3428,3,200
3429,5,400
3430,1,200
3431,23,1200
3432,1,200
3433,10,400
3434,2,200
3435,12,800
3436,3,200
3437,6,400
3438,6,200
3439,20,1200
3440,4,200
3441,8,400
3442,3,200
3443,13,800
3444,4,200
3445,11,400
3446,6,200
3447,20,1200
3448,2,200
3449,6,400
3450,1,200
3451,11,800
3452,3,200
3453,8,400
3454,3,200
3455,21,1200
3456,2,200
3457,7,400
3458,1,200
3459,5,800
3460,1,200
3461,4,400
3462,1,200
3463,17,1200
3464,5,200
3465,6,400
3466,2,200
3467,11,800
3468,2,200
3469,6,400
3470,1,200
3471,25,1200
3472,6,200
3473,7,400
3474,1,200
3475,9,800
3476,5,200
3477,2,400
3478,3,200
3479,19,1200
3480,5,200
3481,4,400
3482,6,200
3483,10,800
3484,3,200
3485,8,400
3486,6,200
3487,30,1200
3488,2,200
3489,5,400
3490,4,200
3491,16,800
3492,2,200
3493,4,400
3494,1,200
3495,21,1200
3496,5,200
3497,4,400
3498,3,200
3499,14,800
3500,4,200
3501,7,400
3502,3,200
3503,22,1200
3504,4,200
3505,7,400
3506,0,200
3507,14,800
3508,3,200
3509,6,400
3510,3,200
3511,13,1200
3512,6,200
3513,8,400
3514,1,200
3515,15,800
3516,1,200
3517,4,400
3518,2,200
3519,26,1200
3520,6,200
3521,6,400
3522,5,200
3523,10,800
3524,4,200
3525,12,400
3526,8,200
3527,15,1200
3528,1,200
3529,2,400
3530,8,200
3531,9,800
3532,8,200
3533,6,400
3534,1,200
3535,17,1200
3536,3,200
3537,3,400
3538,9,200
3539,15,800
3540,5,200
3541,2,400
3542,1,200
3543,23,1200
3544,4,200
3545,3,400
3546,1,200
3547,10,800
3548,3,200
3549,12,400
3550,0,200
3551,16,1200
3552,5,200
3553,4,400
3554,6,200
3555,13,800
3556,5,200
3557,7,400
3558,3,200
3559,21,1200
3560,0,200
3561,5,400
3562,2,200
3563,9,800
3564,4,200
3565,5,400
3566,6,200
3567,15,1200
3568,4,200
3569,12,400
3570,8,200
3571,4,800
3572,3,200
3573,7,400
3574,6,200
3575,24,1200
3576,2,200
3577,8,400
3578,2,200
3579,10,800
3580,5,200
3581,3,400
3582,4,200
3583,19,1200
3584,6,200
3585,8,400
3586,5,200
3587,18,800
3588,8,200
3589,11,400
3590,2,200
3591,22,1200
3592,5,200
3593,4,400
3594,3,200
3595,20,800
3596,4,200
3597,5,400
3598,3,200
3599,19,1200
3600,5,200
3601,7,400
3602,3,200
3603,9,800
3604,4,200
3605,7,400
3606,3,200
3607,22,1200
3608,6,200
3609,4,400
3610,2,200
3611,11,800
3612,6,200
3613,7,400
3614,3,200
3615,19,1200
3616,3,200
3617,7,400
3618,2,200
3619,17,800
3620,3,200
3621,5,400
3622,2,200
3623,19,1200
3624,3,200
3625,9,400
3626,3,200
3627,15,800
3628,3,200
3629,6,400
3630,6,200
3631,25,1200
3632,1,200
3633,9,400
3634,4,200
3635,15,800
3636,6,200
3637,5,400
3638,2,200
3639,11,1200
3640,3,200
3641,5,400
3642,5,200
3643,13,800
3644,2,200
3645,6,400
3646,2,200
3647,23,1200
3648,2,200
3649,8,400
3650,3,200
3651,9,800
3652,4,200
3653,10,400
3654,1,200
3655,16,1200
3656,1,200
3657,12,400
3658,2,200
3659,14,800
3660,6,200
3661,9,400
3662,3,200
3663,21,1200
3664,5,200
3665,12,400
3666,3,200
3667,12,800
3668,4,200
3669,8,400
3670,2,200
3671,24,1200
3672,2,200
3673,8,400
3674,3,200
3675,21,800
3676,2,200
3677,7,400
3678,2,200
3679,18,1200
3680,1,200
3681,9,400
3682,3,200
3683,10,800
3684,4,200
3685,6,400
3686,4,200
3687,17,1200
3688,7,200
3689,8,400
3690,3,200
3691,24,800
3692,4,200
3693,5,400
3694,8,200
3695,17,1200
3696,4,200
3697,4,400
3698,3,200
3699,20,800
3700,3,200
3701,8,400
3702,3,200
3703,22,1200
3704,4,200
3705,8,400
3706,3,200
3707,16,800
3708,6,200
3709,8,400
3710,1,200
3711,14,1200
3712,7,200
3713,7,400
3714,2,200
3715,14,800
3716,1,200
3717,4,400
3718,7,200
3719,13,1200
3720,5,200
3721,12,400
3722,5,200
3723,16,800
3724,0,200
3725,4,400
3726,2,200
3727,19,1200
3728,3,200
3729,7,400
3730,3,200
3731,14,800
3732,5,200
3733,9,400
3734,4,200
3735,15,1200
3736,7,200
3737,6,400
3738,2,200
3739,3,800
3740,2,200
3741,1,400
3742,2,200
3743,25,1200
3744,3,200
3745,13,400
3746,4,200
3747,15,800
3748,5,200
3749,11,400
3750,5,200
3751,22,1200
3752,3,200
3753,5,400
3754,7,200
3755,10,800
3756,2,200
3757,10,400
3758,5,200
3759,21,1200
3760,6,200
3761,9,400
3762,1,200
3763,8,800
3764,3,200
3765,5,400
3766,1,200
3767,17,1200
3768,4,200
3769,10,400
3770,5,200
3771,9,800
3772,1,200
3773,8,400
3774,2,200
3775,18,1200
3776,3,200
3777,8,400
3778,4,200
3779,16,800
3780,1,200
3781,9,400
3782,3,200
3783,19,1200
3784,3,200
3785,9,400
3786,5,200
3787,16,800
3788,3,200
3789,10,400
3790,3,200
3791,22,1200
3792,2,200
3793,8,400
3794,3,200
3795,9,800
3796,3,200
3797,13,400
3798,4,200
3799,27,1200
3800,1,200
3801,5,400
3802,2,200
3803,15,800
3804,2,200
3805,6,400
3806,7,200
3807,14,1200
3808,4,200
3809,6,400
3810,1,200
3811,14,800
3812,2,200
3813,8,400
3814,4,200
3815,20,1200
3816,1,200
3817,7,400
3818,5,200
3819,16,800
3820,5,200
3821,5,400
3822,6,200
3823,26,1200
3824,3,200
3825,5,400
3826,5,200
3827,7,800
3828,6,200
3829,13,400
3830,6,200
3831,18,1200
3832,7,200
3833,6,400
3834,6,200
3835,9,800
3836,4,200
3837,5,400
3838,3,200
3839,15,1200
3840,5,200
3841,5,400
3842,4,200
3843,16,800
3844,5,200
3845,8,400
3846,2,200
3847,19,1200
3848,5,200
3849,7,400
3850,1,200
3851,10,800
3852,6,200
3853,4,400
3854,4,200
3855,24,1200
3856,7,200
3857,10,400
3858,6,200
3859,12,800
3860,0,200
3861,2,400
3862,4,200
3863,11,1200
3864,3,200
3865,5,400
3866,6,200
3867,14,800
3868,3,200
3869,4,400
3870,5,200
3871,21,1200
3872,5,200
3873,6,400
3874,4,200
3875,14,800
3876,1,200
3877,8,400
3878,1,200
3879,21,1200
3880,2,200
3881,11,400
3882,2,200
3883,13,800
3884,1,200
3885,4,400
3886,5,200
3887,24,1200
3888,3,200
3889,4,400
3890,2,200
3891,11,800
3892,3,200
3893,6,400
3894,3,200
3895,19,1200
3896,1,200
3897,5,400
3898,5,200
3899,12,800
3900,4,200
3901,10,400
3902,2,200
3903,20,1200
3904,3,200
3905,9,400
3906,2,200
3907,10,800
3908,3,200
3909,4,400
3910,4,200
3911,18,1200
3912,4,200
3913,7,400
3914,1,200
3915,12,800
3916,4,200
3917,11,400
3918,3,200
3919,15,1200
3920,4,200
3921,6,400
3922,3,200
3923,8,800
3924,8,200
3925,7,400
3926,5,200
3927,21,1200
3928,3,200
3929,6,400
3930,4,200
3931,9,800
3932,1,200
3933,2,400
3934,1,200
3935,25,1200
3936,6,200
3937,8,400
3938,4,200
3939,12,800
3940,3,200
3941,10,400
3942,1,200
3943,19,1200
3944,2,200
3945,5,400
3946,3,200
3947,14,800
3948,6,200
3949,5,400
3950,5,200
3951,22,1200
3952,1,200
3953,4,400
3954,2,200
3955,10,800
3956,2,200
3957,5,400
3958,5,200
3959,14,1200
3960,6,200
3961,2,400
3962,5,200
3963,13,800
3964,6,200
3965,7,400
3966,6,200
3967,21,1200
3968,7,200
3969,11,400
3970,5,200
3971,9,800
3972,0,200
3973,9,400
3974,4,200
3975,22,1200
3976,3,200
3977,7,400
3978,3,200
3979,10,800
3980,6,200
3981,8,400
3982,3,200
3983,16,1200
3984,1,200
3985,5,400
3986,1,200
3987,13,800
3988,2,200
3989,9,400
3990,2,200
3991,19,1200
3992,2,200
3993,6,400
3994,0,200
3995,11,800
3996,3,200
3997,3,400
3998,3,200
3999,17,1200
4000,4,200
4001,3,400
4002,5,200
4003,17,800
4004,4,200
4005,5,400
4006,3,200
4007,22,1200
4008,3,200
4009,5,400
4010,6,200
4011,11,800
4012,3,200
4013,6,400
4014,4,200
4015,16,1200
4016,1,200
4017,6,400
4018,2,200
4019,16,800
4020,3,200
4021,11,400
4022,7,200
4023,23,1200
4024,2,200
4025,8,400
4026,4,200
4027,15,800
4028,5,200
4029,7,400
4030,6,200
4031,23,1200
4032,5,200
4033,12,400
4034,3,200
4035,17,800
4036,8,200
4037,14,400
4038,3,200
4039,14,1200
4040,3,200
4041,7,400
4042,4,200
4043,14,800
4044,1,200
4045,8,400
4046,3,200
4047,20,1200
4048,1,200
4049,7,400
4050,0,200
4051,14,800
4052,2,200
4053,5,400
4054,1,200
4055,17,1200
4056,4,200
4057,6,400
4058,2,200
4059,10,800
4060,3,200
4061,6,400
4062,5,200
4063,24,1200
4064,4,200
4065,9,400
4066,4,200
4067,10,800
4068,6,200
4069,6,400
4070,2,200
4071,17,1200
4072,3,200
4073,7,400
4074,4,200
4075,14,800
4076,3,200
4077,8,400
4078,3,200
4079,18,1200
4080,0,200
4081,12,400
4082,4,200
4083,18,800
4084,4,200
4085,8,400
4086,3,200
4087,24,1200
4088,4,200
4089,8,400
4090,5,200
4091,11,800
4092,6,200
4093,5,400
4094,6,200
4095,22,1200
4096,5,200
4097,6,400
4098,3,200
4099,14,800
4100,6,200
4101,4,400
4102,3,200
4103,16,1200
4104,1,200
4105,4,400
4106,2,200
4107,17,800
4108,6,200
4109,9,400
4110,3,200
4111,24,1200
4112,3,200
4113,5,400
4114,1,200
4115,14,800
4116,1,200
4117,7,400
4118,2,200
4119,23,1200
4120,4,200
4121,7,400
4122,3,200
4123,7,800
4124,4,200
4125,7,400
4126,7,200
4127,12,1200
4128,1,200
4129,11,400
4130,6,200
4131,14,800
4132,3,200
4133,4,400
4134,4,200
4135,26,1200
4136,1,200
4137,8,400
4138,3,200
4139,17,800
4140,2,200
4141,7,400
4142,2,200
4143,18,1200
4144,2,200
4145,3,400
4146,5,200
4147,12,800
4148,6,200
4149,6,400
4150,6,200
4151,17,1200
4152,7,200
4153,4,400
4154,1,200
4155,13,800
4156,7,200
4157,8,400
4158,2,200
4159,19,1200
4160,5,200
4161,7,400
4162,5,200
4163,13,800
4164,4,200
4165,9,400
4166,6,200
4167,20,1200
4168,2,200
4169,9,400
4170,4,200
4171,14,800
4172,6,200
4173,9,400
4174,6,200
4175,23,1200
4176,0,200
4177,5,400
4178,0,200
4179,9,800
4180,4,200
4181,6,400
4182,5,200
4183,20,1200
4184,7,200
4185,6,400
4186,2,200
4187,11,800
4188,4,200
4189,6,400
4190,2,200
4191,17,1200
4192,2,200
4193,4,400
4194,5,200
4195,12,800
4196,3,200
4197,6,400
4198,2,200
4199,19,1200
4200,2,200
4201,9,400
4202,4,200
4203,15,800
4204,4,200
4205,8,400
4206,6,200
4207,22,1200
4208,3,200
4209,9,400
4210,3,200
4211,13,800
4212,3,200
4213,8,400
4214,3,200
4215,17,1200
4216,1,200
4217,11,400
4218,6,200
4219,14,800
4220,6,200
4221,17,400
4222,5,200
4223,27,1200
4224,1,200
4225,9,400
4226,7,200
4227,16,800
4228,3,200
4229,5,400
4230,2,200
4231,11,1200
4232,5,200
4233,5,400
4234,6,200
4235,6,800
4236,2,200
4237,5,400
4238,3,200
4239,23,1200
4240,1,200
4241,7,400
4242,4,200
4243,11,800
4244,2,200
4245,6,400
4246,0,200
4247,24,1200
4248,5,200
4249,10,400
4250,5,200
4251,15,800
4252,2,200
4253,5,400
4254,5,200
4255,19,1200
4256,4,200
4257,8,400
4258,2,200
4259,15,800
4260,3,200
4261,3,400
4262,2,200
4263,23,1200
4264,5,200
4265,5,400
4266,2,200
4267,11,800
4268,4,200
4269,3,400
4270,6,200
4271,19,1200
4272,4,200
4273,11,400
4274,3,200
4275,12,800
4276,5,200
4277,4,400
4278,4,200
4279,18,1200
4280,4,200
4281,4,400
4282,3,200
4283,11,800
4284,1,200
4285,4,400
4286,4,200
4287,15,1200
4288,7,200
4289,5,400
4290,1,200
4291,16,800
4292,2,200
4293,6,400
4294,6,200
4295,24,1200
4296,4,200
4297,9,400
4298,3,200
4299,11,800
4300,5,200
4301,8,400
4302,4,200
4303,15,1200
4304,3,200
4305,11,400
4306,3,200
4307,8,800
4308,2,200
4309,9,400
4310,2,200
4311,22,1200
4312,3,200
4313,5,400
4314,6,200
4315,21,800
4316,8,200
4317,13,400
4318,3,200
4319,19,1200
4320,4,200
4321,5,400
4322,3,200
4323,15,800
4324,5,200
4325,7,400
4326,2,200
4327,13,1200
4328,3,200
4329,6,400
4330,3,200
4331,8,800
4332,4,200
4333,9,400
4334,5,200
4335,23,1200
4336,0,200
4337,7,400
4338,5,200
4339,16,800
4340,6,200
4341,9,400
4342,6,200
4343,20,1200
4344,3,200
4345,6,400
4346,2,200
4347,12,800
4348,5,200
4349,5,400
4350,2,200
4351,20,1200
4352,4,200
4353,10,400
4354,7,200
4355,13,800
4356,4,200
4357,5,400
4358,2,200
4359,20,1200
4360,4,200
4361,11,400
4362,2,200
4363,22,800
4364,3,200
4365,5,400
4366,6,200
4367,16,1200
4368,3,200
4369,7,400
4370,3,200
4371,14,800
4372,0,200
4373,6,400
4374,2,200
4375,19,1200
4376,2,200
4377,6,400
4378,5,200
4379,22,800
4380,5,200
4381,1,400
4382,7,200
4383,27,1200
4384,5,200
4385,4,400
4386,6,200
4387,7,800
4388,6,200
4389,7,400
4390,6,200
4391,24,1200
4392,3,200
4393,8,400
4394,5,200
4395,14,800
4396,3,200
4397,6,400
4398,4,200
4399,22,1200
4400,2,200
4401,2,400
4402,3,200
4403,13,800
4404,4,200
4405,10,400
4406,6,200
4407,20,1200
4408,4,200
4409,5,400
4410,5,200
4411,12,800
4412,6,200
4413,6,400
4414,5,200
4415,20,1200
4416,4,200
4417,4,400
4418,2,200
4419,14,800
4420,6,200
4421,5,400
4422,8,200
4423,17,1200
4424,2,200
4425,9,400
4426,5,200
4427,9,800
4428,2,200
4429,9,400
4430,7,200
4431,16,1200
4432,5,200
4433,7,400
4434,5,200
4435,12,800
4436,2,200
4437,8,400
4438,4,200
4439,27,1200
4440,2,200
4441,10,400
4442,4,200
4443,13,800
4444,4,200
4445,11,400
4446,3,200
4447,17,1200
4448,3,200
4449,2,400
4450,3,200
4451,17,800
4452,5,200
4453,4,400
4454,2,200
4455,18,1200
4456,4,200
4457,7,400
4458,4,200
4459,9,800
4460,4,200
4461,8,400
4462,4,200
4463,19,1200
4464,3,200
4465,5,400
4466,6,200
4467,21,800
4468,3,200
4469,4,400
4470,5,200
4471,11,1200
4472,4,200
4473,6,400
4474,4,200
4475,16,800
4476,1,200
4477,8,400
4478,2,200
4479,18,1200
4480,4,200
4481,11,400
4482,4,200
4483,8,800
4484,6,200
4485,5,400
4486,5,200
4487,15,1200
4488,6,200
4489,2,400
4490,2,200
4491,13,800
4492,1,200
4493,7,400
4494,3,200
4495,19,1200
4496,4,200
4497,7,400
4498,4,200
4499,13,800
4500,1,200
4501,6,400
4502,4,200
4503,27,1200
4504,2,200
4505,6,400
4506,2,200
4507,12,800
4508,4,200
4509,10,400
4510,3,200
4511,21,1200
4512,3,200
4513,7,400
4514,6,200
4515,14,800
4516,4,200
4517,5,400
4518,5,200
4519,25,1200
4520,7,200
4521,4,400
4522,4,200
4523,10,800
4524,5,200
4525,14,400
4526,5,200
4527,16,1200
4528,4,200
4529,3,400
4530,7,200
4531,22,800
4532,2,200
4533,7,400
4534,5,200
4535,16,1200
4536,3,200
4537,6,400
4538,2,200
4539,12,800
4540,6,200
4541,7,400
4542,4,200
4543,16,1200
4544,2,200
4545,6,400
4546,2,200
4547,14,800
4548,3,200
4549,7,400
4550,2,200
4551,26,1200
4552,7,200
4553,8,400
4554,4,200
4555,14,800
4556,1,200
4557,3,400
4558,3,200
4559,16,1200
4560,8,200
4561,4,400
4562,6,200
4563,14,800
4564,4,200
4565,16,400
4566,5,200
4567,22,1200
4568,2,200
4569,8,400
4570,2,200
4571,18,800
4572,5,200
4573,10,400
4574,5,200
4575,22,1200
4576,7,200
4577,9,400
4578,5,200
4579,16,800
4580,2,200
4581,8,400
4582,3,200
4583,29,1200
4584,3,200
4585,9,400
4586,1,200
4587,12,800
4588,2,200
4589,5,400
4590,2,200
4591,22,1200
4592,4,200
4593,7,400
4594,2,200
4595,15,800
4596,2,200
4597,5,400
4598,2,200
4599,24,1200
4600,7,200
4601,7,400
4602,3,200
4603,17,800
4604,4,200
4605,6,400
4606,4,200
4607,14,1200
4608,3,200
4609,6,400
4610,4,200
4611,14,800
4612,7,200
4613,6,400
4614,3,200
4615,23,1200
4616,2,200
4617,11,400
4618,4,200
4619,17,800
4620,4,200
4621,2,400
4622,5,200
4623,22,1200
4624,0,200
4625,8,400
4626,1,200
4627,17,800
4628,3,200
4629,10,400
4630,1,200
4631,22,1200
4632,2,200
4633,10,400
4634,3,200
4635,16,800
4636,6,200
4637,12,400
4638,2,200
4639,17,1200
4640,1,200
4641,6,400
4642,3,200
4643,15,800
4644,1,200
4645,3,400
4646,1,200
4647,26,1200
4648,6,200
4649,4,400
4650,3,200
4651,7,800
4652,4,200
4653,10,400
4654,2,200
4655,21,1200
4656,1,200
4657,5,400
4658,3,200
4659,9,800
4660,4,200
4661,10,400
4662,5,200
4663,18,1200
4664,2,200
4665,7,400
4666,3,200
4667,11,800
4668,3,200
4669,14,400
4670,1,200
4671,13,1200
4672,1,200
4673,7,400
4674,6,200
4675,14,800
4676,4,200
4677,5,400
4678,8,200
4679,12,1200
4680,5,200
4681,11,400
4682,5,200
4683,10,800
4684,2,200
4685,11,400
4686,4,200
4687,17,1200
4688,5,200
4689,8,400
4690,7,200
4691,10,800
4692,1,200
4693,6,400
4694,5,200
4695,24,1200
4696,7,200
4697,5,400
4698,2,200
4699,12,800
4700,2,200
4701,3,400
4702,3,200
4703,23,1200
4704,1,200
4705,10,400
4706,4,200
4707,12,800
4708,3,200
4709,5,400
4710,5,200
4711,15,1200
4712,6,200
4713,7,400
4714,4,200
4715,11,800
4716,0,200
4717,6,400
4718,7,200
4719,22,1200
4720,1,200
4721,11,400
4722,4,200
4723,12,800
4724,2,200
4725,7,400
4726,5,200
4727,24,1200
4728,8,200
4729,3,400
4730,2,200
4731,10,800
4732,3,200
4733,11,400
4734,7,200
4735,14,1200
4736,3,200
4737,10,400
4738,3,200
4739,11,800
4740,2,200
4741,2,400
4742,2,200
4743,23,1200
4744,1,200
4745,7,400
4746,1,200
4747,10,800
4748,2,200
4749,11,400
4750,3,200
4751,21,1200
4752,3,200
4753,7,400
4754,3,200
4755,11,800
4756,3,200
4757,7,400
4758,2,200
4759,22,1200
4760,1,200
4761,7,400
4762,6,200
4763,15,800
4764,4,200
4765,8,400
4766,3,200
4767,12,1200
4768,1,200
4769,5,400
4770,5,200
4771,13,800
4772,4,200
4773,7,400
4774,5,200
4775,18,1200
4776,3,200
4777,4,400
4778,2,200
4779,17,800
4780,3,200
4781,5,400
4782,6,200
4783,17,1200
4784,3,200
4785,7,400
4786,3,200
4787,11,800
4788,0,200
4789,4,400
4790,5,200
4791,19,1200
4792,1,200
4793,9,400
4794,2,200
4795,14,800
4796,4,200
4797,7,400
4798,6,200
